INSERT INTO ports
VALUES('JAXPORT', 'Jacksonville', 'USA');

INSERT INTO ports
VALUES('Odesa Sea Port', 'Odesa', 'Ukraine');

INSERT INTO ports
VALUES('Port of Constanta', 'Constanta', 'Romania');

INSERT INTO ports
VALUES('Port of Virginia', 'Norfolk', 'USA');

INSERT INTO ports
VALUES('Port of San Diego', 'San Diego', 'USA');

INSERT INTO ships
VALUES('Hue City', 9600, 'James', 'Kirk',304, 1989, 'JAXPORT', 'Jacksonville');

INSERT INTO ships
VALUES('Sullivans', 2050, 'Kathryn', 'Janeway',296, 1942, 'Odesa Sea Port', 'Odesa');

INSERT INTO ships
VALUES('Kitty Hawk', 61351, 'Isaac', 'Hull',5584, 1956, 'JAXPORT', 'Jacksonville');

INSERT INTO ships
VALUES('Wasp', 40500, 'Christopher', 'Pike',1080, 1985, 'Odesa Sea Port', 'Odesa');

INSERT INTO ships
VALUES('Essex', 36380 , 'Carol', 'Danvers',2546, 1941, 'Port of Constanta', 'Constanta');

INSERT INTO ships
VALUES('Ohio', 18750, 'Elizabeth', 'Swan',142, 1976, 'Port of Constanta', 'Constanta');

INSERT INTO ships
VALUES('Seawolf', 13470, 'Etta', 'Candy',111, 1989, 'Port of Virginia', 'Norfolk');

INSERT INTO ships
VALUES('Titanic', 52310, 'Adelaide', 'Brooke', 872, 1909, 'Port of Virginia', 'Norfolk');

INSERT INTO ships
VALUES('Comfort', 69360, 'Lief', 'Erickson', 1084, 1976, 'Port of San Diego', 'San Diego');

INSERT INTO ships
VALUES('Mercy', 65552, 'James', 'Killick', 1259, 1974, 'Port of San Diego', 'San Diego');

INSERT INTO ships
VALUES('Relief', 10112, 'Horatio', 'Nelson', 371, 1917, 'Port of San Diego', 'San Diego');

INSERT INTO containers
VALUES(45618, 7.9, 7.8, 19.4, 'Hue City');

INSERT INTO containers
VALUES(02196, 7.9, 7.9, 39.5, 'Hue City');

INSERT INTO containers
VALUES(41568, 8.1, 7.8, 39.5, 'Hue City');

INSERT INTO containers
VALUES(49638, 8.1, 7.8, 39.5, 'Hue City');

INSERT INTO containers
VALUES(04597, 8.1, 7.8, 39.5, 'Sullivans');

INSERT INTO containers
VALUES(31842, 8.1, 7.8, 39.5, 'Sullivans');

INSERT INTO containers
VALUES(39442, 7.9, 7.8, 39.5, 'Kitty Hawk');

INSERT INTO containers
VALUES(61420, 7.9, 7.8, 39.5, 'Kitty Hawk');

INSERT INTO containers
VALUES(41328, 7.9, 7.9, 39.5, 'Wasp');

INSERT INTO containers
VALUES(46378, 8.1, 7.8, 39.5, 'Wasp');

INSERT INTO containers
VALUES(18618, 7.9, 7.8, 19.4, 'Essex');

INSERT INTO containers
VALUES(03185, 7.9, 7.9, 39.5, 'Essex');

INSERT INTO containers
VALUES(42019, 8.1, 7.8, 39.5, 'Ohio');

INSERT INTO containers
VALUES(61492, 7.9, 7.8, 19.4, 'Ohio');

INSERT INTO containers
VALUES(12047, 7.9, 7.9, 39.5, 'Seawolf');

INSERT INTO containers
VALUES(63408, 8.1, 7.8, 39.5, 'Seawolf');

INSERT INTO containers
VALUES(34801, 7.9, 7.9, 39.5, 'Titanic');

INSERT INTO containers
VALUES(61520, 8.1, 7.8, 39.5, 'Titanic');

INSERT INTO containers
VALUES(01348, 8.1, 7.8, 39.5, 'Comfort');

INSERT INTO containers
VALUES(64783, 7.9, 7.8, 19.4, 'Comfort');

INSERT INTO containers
VALUES(43169, 8.1, 7.8, 19.4, 'Mercy');

INSERT INTO containers
VALUES(48702, 7.9, 7.8, 19.4, 'Relief');